seed,mse_3_text_audio_prompt1,mse_7_text_audio_prompt1,mse_15_text_audio_prompt1,mse_30_text_audio_prompt1,avg_mse_text_audio_prompt1,mse_3_volonly,mse_7_volonly,mse_15_volonly,mse_30_volonly,avg_mse_volonly,mse_3_text_only,mse_7_text_only,mse_15_text_only,mse_30_text_only,avg_mse_text_only,mse_3_text_audio_prompt2,mse_7_text_audio_prompt2,mse_15_text_audio_prompt2,mse_30_text_audio_prompt2,avg_mse_text_audio_prompt2,mse_3_audio_only,mse_7_audio_only,mse_15_audio_only,mse_30_audio_only,avg_mse_audio_only,mse_3_chunk_text_audio,mse_7_chunk_text_audio,mse_15_chunk_text_audio,mse_30_chunk_text_audio,avg_mse_chunk_text_audio,mse_3_random_nonqa,mse_7_random_nonqa,mse_15_random_nonqa,mse_30_random_nonqa,avg_mse_random_nonqa
1,0.3185791671276092,0.1796625405550003,0.1915319412946701,0.1245725899934768,0.2035865597426891,0.3277420699596405,0.1943886876106262,0.2179516404867172,0.1490008383989334,0.2222708091139793,0.318552166223526,0.1795758157968521,0.1913679391145706,0.1243810951709747,0.2034692540764808,0.3185890913009643,0.1796410679817199,0.1915029734373092,0.1245566084980964,0.2035724353045225,0.3183833062648773,0.1792304068803787,0.1906512081623077,0.1240262016654014,0.2030727807432413,0.3189623653888702,0.1806606352329254,0.1927160769701004,0.1266217082738876,0.2047401964664459,0.3184933960437774,0.1794512867927551,0.1911412328481674,0.1242903172969818,0.2033440582454204
3,0.3283265829086303,0.1869117170572281,0.2090814262628555,0.142029196023941,0.2165872305631637,0.3417520821094513,0.2085395455360412,0.247902974486351,0.1757800281047821,0.2434936575591564,0.3287549912929535,0.1876547783613205,0.2105762511491775,0.1432622671127319,0.2175620719790458,0.3282655477523803,0.1868230551481247,0.2089594900608062,0.1419111043214798,0.2164897993206977,0.3284101188182831,0.1870960444211959,0.209465742111206,0.1423447132110595,0.2168291546404361,0.3302523493766784,0.1902278959751129,0.2158761769533157,0.1472246199846267,0.2208952605724334,0.3290625214576721,0.1880975365638733,0.2114070653915405,0.1439097672700882,0.2181192226707935
5,0.3196718394756317,0.1822001636028289,0.1866460591554641,0.1231360286474227,0.2029135227203369,0.332046240568161,0.2021870017051696,0.2229515016078949,0.1498913615942001,0.2267690263688564,0.3197145462036133,0.1823298931121826,0.1868626773357391,0.123349629342556,0.2030641864985227,0.3197323977947235,0.1823162287473678,0.1868987679481506,0.1233489289879798,0.2030740808695554,0.3197825253009796,0.1824488490819931,0.1872027814388275,0.1235645562410354,0.2032496780157089,0.3207539618015289,0.1849037706851959,0.1903308928012848,0.125624194741249,0.2054032050073146,0.3197598457336426,0.1822964251041412,0.1869381368160247,0.1233601942658424,0.2030886504799127
6,0.3267705142498016,0.1792542338371276,0.2068119943141937,0.1577692776918411,0.217651505023241,0.3386563956737518,0.1894623339176178,0.2328356951475143,0.1881697177886963,0.237281035631895,0.3269633650779724,0.1795065253973007,0.207767978310585,0.1585223376750946,0.2181900516152382,0.3268938660621643,0.1794049888849258,0.2072549611330032,0.1581736952066421,0.2179318778216838,0.3267242014408111,0.1792147755622863,0.2068549245595932,0.1577173024415969,0.2176278010010719,0.3273807466030121,0.1800076067447662,0.2077703177928924,0.1605354100465774,0.218923520296812,0.3279876112937927,0.1805087178945541,0.2106243520975113,0.1615225970745086,0.2201608195900917
9,0.3310754895210266,0.1752887219190597,0.1991887390613556,0.1313901096582412,0.2092357650399208,0.3524567782878876,0.1936648786067962,0.2438738197088241,0.1656932085752487,0.2389221712946891,0.3318497836589813,0.17601078748703,0.2009042352437973,0.1326518207788467,0.2103541567921638,0.3308624029159546,0.1751081794500351,0.1987455934286117,0.1310068368911743,0.2089307531714439,0.3308428227901459,0.1750630587339401,0.1984437108039856,0.1308626383543014,0.2088030576705932,0.332964688539505,0.1765883415937423,0.2047809064388275,0.1336813420057296,0.2120038196444511,0.3315011262893677,0.1757179647684097,0.2002729177474975,0.132187157869339,0.2099197916686535
11,0.3178786039352417,0.1730921864509582,0.1673964411020279,0.1398985236883163,0.199566438794136,0.3273219466209411,0.1864496022462844,0.1912367641925811,0.166063979268074,0.2177680730819702,0.3175617754459381,0.1726861149072647,0.1666346788406372,0.1390311568975448,0.1989784315228462,0.3176543116569519,0.1728022247552871,0.1667510420083999,0.1392354667186737,0.1991107612848281,0.3176968991756439,0.1728926002979278,0.1670044511556625,0.139514684677124,0.1992771588265895,0.3198374211788177,0.1756686121225357,0.1727619916200637,0.1448375880718231,0.2032764032483101,0.3175624310970306,0.1726512610912323,0.1664218157529831,0.1388978511095047,0.1988833397626876
13,0.3140468299388885,0.1698738634586334,0.1803907603025436,0.1201701313257217,0.1961203962564468,0.3197060525417328,0.1796194016933441,0.2034889161586761,0.135835975408554,0.2096625864505767,0.3140759766101837,0.169874906539917,0.1803632974624633,0.1201634779572486,0.1961194146424532,0.3139932751655578,0.1698177009820938,0.1802259981632232,0.1200892701745033,0.1960315611213445,0.3178997039794922,0.1726550012826919,0.1852370053529739,0.1227470636367797,0.1996346935629844,0.3145679831504822,0.1701528578996658,0.1826914697885513,0.1219896897673606,0.197350500151515,0.314075618982315,0.1698911935091018,0.180425077676773,0.1201593279838562,0.1961378045380115
14,0.3349239230155945,0.187099814414978,0.2019311338663101,0.1346650570631027,0.2146549820899963,0.3532964289188385,0.2093168199062347,0.2379180043935775,0.1637035608291626,0.2410587035119533,0.3347557485103607,0.1869018524885177,0.2016199082136154,0.1344349384307861,0.21442811191082,0.3344929814338684,0.1865516453981399,0.2009832561016082,0.133897602558136,0.2139813713729381,0.3343328833580017,0.1864895075559616,0.2009011059999466,0.133870854973793,0.2138985879719257,0.3362464606761932,0.1887489557266235,0.2045675665140152,0.1353920400142669,0.2162387557327747,0.3349784910678863,0.1871877461671829,0.2021117955446243,0.1347825229167938,0.2147651389241218
15,0.3280919790267944,0.1884037852287292,0.2274808138608932,0.160131573677063,0.2260270379483699,0.3469861149787903,0.2126541435718536,0.2848384976387024,0.2079644501209259,0.263110801577568,0.3281140923500061,0.1885569393634796,0.2279738634824752,0.1605201810598373,0.2262912690639495,0.3282073438167572,0.1885721683502197,0.2279665470123291,0.1605294346809387,0.2263188734650612,0.3278093039989471,0.1879862993955612,0.2265062630176544,0.1593763828277588,0.2254195623099804,0.3292974829673767,0.1903048157691955,0.2329837530851364,0.1642504036426544,0.2292091138660907,0.3280061483383178,0.1883366703987121,0.227432906627655,0.1601073145866394,0.2259707599878311
17,0.3312335908412933,0.1853336989879608,0.2094048857688903,0.1603604108095169,0.2215831466019153,0.3533154129981994,0.2129460275173187,0.2611204981803894,0.2087582647800445,0.259035050868988,0.3312427997589111,0.1852202266454696,0.2091865688562393,0.1601232290267944,0.2214432060718536,0.3313209414482116,0.1854276657104492,0.2096843421459198,0.1605851352214813,0.2217545211315155,0.3313916325569153,0.1855384260416031,0.2099302858114242,0.1607734858989715,0.2219084575772285,0.3344254493713379,0.1890691816806793,0.2191523760557174,0.1678779274225235,0.2276312336325645,0.3310516476631164,0.1850205808877945,0.208802580833435,0.1597658097743988,0.2211601547896862
18,0.3209049999713897,0.1721365302801132,0.1707256883382797,0.1354614198207855,0.199807159602642,0.3315928876399994,0.183193176984787,0.1969048678874969,0.161983847618103,0.2184186950325966,0.3209165334701538,0.1721519380807876,0.1707915216684341,0.1355350017547607,0.1998487487435341,0.320891410112381,0.1721330732107162,0.1707195490598678,0.1354508697986602,0.1997987255454063,0.3210619688034057,0.1722929924726486,0.171180173754692,0.1359085589647293,0.2001109234988689,0.3218907415866852,0.1730780750513076,0.1731852442026138,0.1377653330564499,0.2014798484742641,0.3208848536014557,0.1721126437187194,0.1706604659557342,0.135376363992691,0.1997585818171501
19,0.3155356347560882,0.1736542284488678,0.1991428583860397,0.1315962821245193,0.2049822509288787,0.3223435878753662,0.1867895573377609,0.2295527309179306,0.1565858572721481,0.2238179333508014,0.3155533969402313,0.1735662221908569,0.1988466531038284,0.1313650161027908,0.2048328220844268,0.315648078918457,0.1738986223936081,0.199883371591568,0.1321531236171722,0.2053957991302013,0.3155688643455505,0.1737227290868759,0.1994796395301818,0.1319013833999633,0.2051681540906429,0.3164474964141845,0.1762171387672424,0.2054824382066726,0.1359385401010513,0.2085214033722877,0.3155533671379089,0.1736293286085128,0.199037417769432,0.1315438151359558,0.2049409821629524
21,0.3198138475418091,0.181037500500679,0.1973626911640167,0.1420311033725738,0.2100612856447696,0.3298069536685943,0.1985229700803756,0.2263785451650619,0.1688153743743896,0.2308809608221054,0.3198830187320709,0.1811595857143402,0.1976634711027145,0.1422983407974243,0.2102511040866375,0.319828063249588,0.1810802519321441,0.1974601000547409,0.1421212255954742,0.2101224102079868,0.3198219239711761,0.1810979545116424,0.1975278854370117,0.1421872824430465,0.2101587615907192,0.3203078806400299,0.1819221377372741,0.1998967826366424,0.1430022865533828,0.2112822718918323,0.3198119699954986,0.1810481697320938,0.19743512570858,0.1421474516391754,0.2101106792688369
23,0.3337612748146057,0.1936633735895156,0.2379176765680313,0.1637700498104095,0.2322780936956405,0.3531615734100342,0.217133343219757,0.2882962226867676,0.2054275125265121,0.2660046629607677,0.3339128792285919,0.1938961893320083,0.2385140061378479,0.1642026156187057,0.2326314225792884,0.3337382972240448,0.1936526298522949,0.2378711700439453,0.1636990904808044,0.2322402969002723,0.3339116275310516,0.1937442570924759,0.2380934804677963,0.1640071421861648,0.2324391268193721,0.3350540101528168,0.1950559318065643,0.2410885989665985,0.1648621410131454,0.2340151704847812,0.3344945609569549,0.1945962309837341,0.2402610182762146,0.1655970066785812,0.2337372042238712
24,0.3270232081413269,0.1849887520074844,0.1997884511947631,0.1497898250818252,0.2153975591063499,0.3378883004188537,0.1983458250761032,0.2312905490398407,0.1780876070261001,0.2364030703902244,0.3270286023616791,0.1850107014179229,0.1999011784791946,0.149919256567955,0.2154649347066879,0.326943576335907,0.184900477528572,0.1995097249746322,0.1495427787303924,0.2152241393923759,0.3268941342830658,0.1848491430282592,0.1994081437587738,0.1494420021772384,0.2151483558118343,0.3294107615947723,0.1867908388376236,0.2029435038566589,0.1523621082305908,0.2178768031299114,0.3269839286804199,0.1849171221256256,0.199662446975708,0.1496939212083816,0.2153143547475338
26,0.338062584400177,0.1893235743045807,0.1740131825208664,0.1242215856909751,0.2064052317291498,0.3434886038303375,0.1971384286880493,0.1761801391839981,0.1352234631776809,0.2130076587200164,0.3270895183086395,0.1837104856967926,0.1840739846229553,0.1302143931388855,0.2062720954418182,0.3351190388202667,0.1895444393157959,0.1724654287099838,0.124523751437664,0.2054131645709276,0.3458589017391205,0.2014747709035873,0.1885481178760528,0.1347026526927948,0.2176461108028888,0.3818399310111999,0.2186187803745269,0.2298534661531448,0.1518657505512237,0.2455444820225238,0.3370423913002014,0.1909624636173248,0.1727797985076904,0.1292242407798767,0.2075022235512733
28,0.3210074305534363,0.1740045845508575,0.1859292984008789,0.1215985715389251,0.2006349712610244,0.3315262794494629,0.1893177777528762,0.2210807055234909,0.146797627210617,0.2221805974841117,0.3210063874721527,0.1739393174648285,0.1857958734035492,0.1215075626969337,0.200562285259366,0.3211990296840668,0.1742752939462661,0.1866254955530166,0.1220835447311401,0.2010458409786224,0.3210345804691314,0.1740648746490478,0.1861189156770706,0.1217412576079368,0.2007399071007967,0.3332741260528564,0.1872006952762603,0.210054725408554,0.1371247917413711,0.2169135846197605,0.3211753964424133,0.1741665601730346,0.1863568276166916,0.1219165250658989,0.2009038273245096
30,0.3284205496311188,0.18620365858078,0.1702868789434433,0.123897336423397,0.2022021058946848,0.332114428281784,0.1958446204662323,0.1916828900575637,0.1436077058315277,0.2158124111592769,0.3284341692924499,0.1862155199050903,0.1703139990568161,0.1239671856164932,0.2022327184677124,0.3284141421318054,0.186132937669754,0.1700748205184936,0.123724065721035,0.202086491510272,0.3284244537353515,0.1862057298421859,0.1703083366155624,0.123926855623722,0.2022163439542055,0.3287477791309356,0.1878034919500351,0.1741735190153122,0.1276672780513763,0.2045980170369148,0.328447014093399,0.1863014698028564,0.1705345660448074,0.1241140663623809,0.2023492790758609
31,0.3122054636478424,0.1693785339593887,0.1903799176216125,0.1222766637802124,0.198560144752264,0.316610187292099,0.1757122427225113,0.2105742543935775,0.134997472167015,0.2094735391438007,0.312053769826889,0.1690967977046966,0.1892553269863128,0.1216694861650466,0.1980188451707363,0.312188059091568,0.1693428605794906,0.1901538372039795,0.122148297727108,0.1984582636505365,0.3197824954986572,0.177645742893219,0.1989376693964004,0.1260518878698349,0.2056044489145279,0.3123608827590942,0.1699175089597702,0.1910341829061508,0.1234323754906654,0.1991862375289201,0.3122508227825165,0.1694067269563675,0.1904385089874267,0.1223416477441787,0.1986094266176223
32,0.3416556715965271,0.1932163834571838,0.1700194925069809,0.1227561682462692,0.2069119289517402,0.3420383930206299,0.1979867219924926,0.1670475751161575,0.1299944669008255,0.2092667892575264,0.3342021405696869,0.1954068392515182,0.2062924802303314,0.1431761234998703,0.2197693958878517,0.3424819409847259,0.1935965865850448,0.1674372553825378,0.1218387335538864,0.2063386291265487,0.3588656783103943,0.2085471004247665,0.1719626635313034,0.1240189447999,0.215848596766591,0.3264011442661285,0.184284508228302,0.168677732348442,0.1169665902853012,0.1990824937820434,0.3406000435352325,0.1942415982484817,0.1718683540821075,0.1281706690788269,0.2087201662361621
33,0.322211354970932,0.172319084405899,0.1885778754949569,0.1402992308139801,0.205851886421442,0.3297283053398132,0.1779853850603103,0.2056649923324585,0.158246248960495,0.2179062329232692,0.3221141397953033,0.1722066104412078,0.1880632191896438,0.1398427635431289,0.205556683242321,0.3222237825393677,0.1723813861608505,0.1884792298078537,0.1401962786912918,0.2058201692998409,0.3218332529067993,0.1720655411481857,0.1875402778387069,0.1393217146396637,0.2051901966333389,0.3218153417110443,0.1722393780946731,0.1868527233600616,0.1379863172769546,0.2047234401106834,0.3221129179000854,0.17222960293293,0.1881346553564071,0.1398850828409195,0.2055905647575855
34,0.3161027729511261,0.1768164783716201,0.1968806087970733,0.1406603157520294,0.2076150439679622,0.3214749097824096,0.1873543262481689,0.223048448562622,0.1616811901330948,0.2233897186815738,0.3160190880298614,0.1765697449445724,0.1962888240814209,0.1402152180671692,0.207273218780756,0.3161150217056274,0.1767819672822952,0.1968195885419845,0.1405790299177169,0.207573901861906,0.3162163197994232,0.1770670115947723,0.19760163128376,0.1411447525024414,0.2080074287950992,0.3156607747077942,0.17703677713871,0.1968355476856231,0.1409875750541687,0.207630168646574,0.3161953091621399,0.1770236194133758,0.1975247263908386,0.1410675644874572,0.2079528048634529
35,0.3290809988975525,0.1824112236499786,0.2095453292131424,0.1431219428777694,0.2160398736596107,0.3444105386734009,0.2038372606039047,0.249172106385231,0.1766143292188644,0.2435085587203502,0.3291344344615936,0.1824873387813568,0.2097252905368805,0.1432292461395263,0.2161440774798393,0.3290390074253082,0.1823509782552719,0.2094113379716873,0.1430364400148391,0.2159594409167766,0.3288941383361816,0.1821545213460922,0.20904241502285,0.1427652090787887,0.2157140709459781,0.3294628262519836,0.18381367623806,0.2140283435583114,0.1464372128248214,0.2184355147182941,0.3290432095527649,0.182247057557106,0.2090783864259719,0.142738938331604,0.2157768979668617
39,0.3249662518501282,0.177468404173851,0.1979981511831283,0.1311498880386352,0.2078956738114357,0.3376489281654358,0.192324087023735,0.2340961396694183,0.1603548675775528,0.2311060056090355,0.3251724541187286,0.1777128875255584,0.1985956281423568,0.131584033370018,0.2082662507891655,0.3249264061450958,0.177429124712944,0.1979003697633743,0.1310703009366989,0.2078315503895282,0.324978768825531,0.1775201857089996,0.1982264667749405,0.1312967538833618,0.2080055437982082,0.3243617415428161,0.1769911646842956,0.1971971988677978,0.130962461233139,0.2073781415820121,0.325325459241867,0.1779172420501709,0.1993201673030853,0.132124975323677,0.2086719609797001
40,0.3202508687973022,0.1750232428312301,0.1679732501506805,0.1115304306149482,0.1936944480985403,0.327667772769928,0.1885743141174316,0.1889058500528335,0.1273818165063858,0.2081324383616447,0.3201203942298889,0.1748193800449371,0.1675886958837509,0.1111930832266807,0.1934303883463144,0.320220023393631,0.1749462932348251,0.1678505539894104,0.111451968550682,0.1936172097921371,0.3202198445796966,0.1748785227537155,0.167704552412033,0.1113640218973159,0.1935417354106903,0.3190279304981231,0.1770441085100174,0.1728583425283432,0.1138198748230934,0.1956875640898943,0.3201430439949035,0.174910083413124,0.1677799969911575,0.1114206984639167,0.1935634557157755
42,0.3260450959205627,0.1871880441904068,0.188254714012146,0.1413985192775726,0.210721593350172,0.3298369944095611,0.193768173456192,0.2035226076841354,0.1574296504259109,0.2211393564939499,0.3261305391788482,0.1873273104429245,0.1885796785354614,0.1417089253664016,0.2109366133809089,0.3260538876056671,0.187174916267395,0.1882006824016571,0.1413267701864242,0.2106890641152858,0.3262623250484466,0.187599778175354,0.1891877651214599,0.142336905002594,0.2113466933369636,0.3269112110137939,0.189286395907402,0.1925977170467376,0.1452082097530365,0.2135008834302425,0.3262383639812469,0.1875798404216766,0.1891639977693557,0.1423349976539611,0.2113292999565601
43,0.3190504908561706,0.1790307760238647,0.2291350811719894,0.1558580100536346,0.2207685895264148,0.3281663656234741,0.1983279436826706,0.2743534445762634,0.1929957270622253,0.2484608702361583,0.31911101937294,0.1792251318693161,0.2296776920557022,0.1562809497117996,0.2210736982524395,0.3190767467021942,0.1791438311338424,0.2294511497020721,0.1561064273118972,0.2209445387125015,0.319233238697052,0.1794397085905075,0.2301149368286132,0.1566009819507599,0.2213472165167331,0.319248765707016,0.1803372055292129,0.232366532087326,0.1586034446954727,0.2226389870047569,0.3190864622592926,0.1792475581169128,0.2297605276107788,0.1563927233219146,0.2211218178272247
44,0.3343874812126159,0.1900624930858612,0.1745203286409378,0.130716472864151,0.2074216939508915,0.3346107900142669,0.1934720128774643,0.1910620778799057,0.1476557254791259,0.2167001515626907,0.3344009816646576,0.1900554150342941,0.174527958035469,0.1307487934827804,0.2074332870543003,0.3343620002269745,0.1900861710309982,0.1747500598430633,0.1309186220169067,0.2075292132794857,0.3344675600528717,0.1899755150079727,0.1736982762813568,0.1298736780881881,0.2070037573575973,0.3343048691749573,0.1900341808795929,0.1743586808443069,0.1304384768009185,0.2072840519249439,0.3343931138515472,0.190016508102417,0.1743084192276001,0.1304765790700912,0.2072986550629139
45,0.3368965089321136,0.185634896159172,0.2345038056373596,0.1462573856115341,0.2258231490850448,0.355235606431961,0.2080245167016983,0.2806628048419952,0.1784416437149047,0.2555911429226398,0.3367581367492676,0.1854937225580215,0.2341141551733017,0.1460305601358413,0.225599143654108,0.3369618952274322,0.1857269257307052,0.2346674799919128,0.1463875025510788,0.2259359508752823,0.3371099233627319,0.1858849376440048,0.2350747734308242,0.1465988904237747,0.2261671312153339,0.3368720412254333,0.1860450506210327,0.2357667088508606,0.1450905054807663,0.2259435765445232,0.3369501531124115,0.1857555955648422,0.2347553223371505,0.1463514566421508,0.2259531319141388
46,0.3180617988109588,0.1710605323314666,0.2049718499183654,0.152341291308403,0.2116088680922985,0.3304308652877807,0.18519888818264,0.2494315057992935,0.1929233372211456,0.239496149122715,0.3178472518920898,0.1708225160837173,0.2037842571735382,0.151329904794693,0.2109459824860096,0.3178435862064361,0.1707998216152191,0.2039096355438232,0.1513954997062683,0.2109871357679367,0.3180122971534729,0.1710100919008255,0.204857662320137,0.1522559225559234,0.2115339934825897,0.3194514811038971,0.173069879412651,0.209815114736557,0.1554503142833709,0.214446697384119,0.317680299282074,0.1705585569143295,0.2032043784856796,0.1507693082094192,0.2105531357228756
48,0.3301838040351867,0.1839993298053741,0.2121737450361251,0.1631821990013122,0.2223847694694996,0.3483742773532867,0.2036965638399124,0.2500659823417663,0.1988991349935531,0.2502589896321296,0.3299679756164551,0.1837429702281952,0.2115862667560577,0.1627190262079239,0.2220040597021579,0.3302462100982666,0.1840652078390121,0.212281584739685,0.1632471829652786,0.2224600464105606,0.3302981257438659,0.1841951310634613,0.2126422375440597,0.1635155230760574,0.2226627543568611,0.3318422138690948,0.1863899230957031,0.2175069004297256,0.1677985936403274,0.2258844077587127,0.3302761614322662,0.1841162592172622,0.2124301791191101,0.1635032445192337,0.222581461071968
50,0.3313233852386474,0.187446653842926,0.1749475449323654,0.1230459362268447,0.2041908800601959,0.3309575617313385,0.1913565993309021,0.1903243660926818,0.1339221149682998,0.2116401605308056,0.3313327133655548,0.1874180138111114,0.1746861636638641,0.1228571459650993,0.2040735092014074,0.3313585519790649,0.187355488538742,0.1744325309991836,0.1227358430624008,0.2039706036448478,0.3313734233379364,0.187333658337593,0.1743520498275756,0.1227140128612518,0.2039432860910892,0.3310252130031585,0.1873941123485565,0.1750881671905517,0.1240977048873901,0.2044012993574142,0.3313755989074707,0.1873093098402023,0.1741892248392105,0.1226212903857231,0.2038738559931516
53,0.3250947594642639,0.1750613003969192,0.2025400102138519,0.13383150100708,0.2091318927705288,0.3275957703590393,0.1813111901283264,0.2196459621191024,0.1493367552757263,0.2194724194705486,0.3249222040176391,0.174861654639244,0.202079638838768,0.1334408074617386,0.2088260762393474,0.3250472545623779,0.1749776303768158,0.2024001330137252,0.1336714923381805,0.2090241275727749,0.3250976502895355,0.1750946342945099,0.2026639878749847,0.1339879184961319,0.2092110477387905,0.3313640058040619,0.1830362826585769,0.2158604860305786,0.1375634670257568,0.2169560603797435,0.3250243663787842,0.1750518530607223,0.2026406079530716,0.1340486407279968,0.2091913670301437
59,0.3091416358947754,0.1650205105543136,0.1759441941976547,0.1175654381513595,0.1919179446995258,0.313947319984436,0.1737135201692581,0.2044826745986938,0.1368745416402816,0.2072545140981674,0.3090944290161133,0.1648912131786346,0.1754369437694549,0.1173182353377342,0.1916852053254842,0.3091299831867218,0.1650074273347854,0.1759134083986282,0.1175386533141136,0.1918973680585622,0.3091335594654083,0.1650173515081405,0.1758999079465866,0.1175241842865943,0.1918937508016824,0.3092606663703918,0.1655070632696151,0.1783667355775833,0.1189357787370681,0.1930175609886646,0.3090301752090454,0.1646822243928909,0.1745037883520126,0.116711176931858,0.1912318412214517
60,0.3466926515102386,0.17853944003582,0.206967145204544,0.1570349186658859,0.2223085388541221,0.3714910745620727,0.1995139867067337,0.25185027718544,0.1964262872934341,0.2548204064369201,0.3477565348148346,0.1794614791870117,0.2092012912034988,0.158910721540451,0.223832506686449,0.3468745648860931,0.1786371022462844,0.2070923894643783,0.1571682840585708,0.2224430851638317,0.3465040922164917,0.1782611310482025,0.2062291353940963,0.1563546806573867,0.2218372598290443,0.350748747587204,0.1819878071546554,0.214540883898735,0.163033127784729,0.2275776416063308,0.3465067148208618,0.1784892082214355,0.2068544775247573,0.1568710654973983,0.2221803665161132
61,0.3265553116798401,0.192090630531311,0.2147133499383926,0.1326900869607925,0.216512344777584,0.3328528702259063,0.2063018083572387,0.2352558076381683,0.1510542780160904,0.2313661910593509,0.3268881738185882,0.1929882615804672,0.2158513516187667,0.1336752325296402,0.2173507548868656,0.3266831338405609,0.1923605352640152,0.2150814533233642,0.1329813599586486,0.2167766205966472,0.326615959405899,0.1922838240861892,0.2150019258260727,0.1329085230827331,0.2167025581002235,0.3310230374336242,0.1952342092990875,0.2220390737056732,0.130523607134819,0.219704981893301,0.3266448378562927,0.1924974471330642,0.215215116739273,0.1332273185253143,0.2168961800634861
63,0.3164999186992645,0.1817050725221634,0.1998647600412368,0.1323022246360778,0.2075929939746856,0.3240078687667846,0.1960981339216232,0.2286338806152343,0.1537912338972091,0.2256327793002128,0.3169476687908172,0.1827358305454254,0.2020070254802703,0.1339197903871536,0.2089025788009166,0.3164772093296051,0.1816842257976532,0.199833333492279,0.1322879046201706,0.207570668309927,0.3166404962539673,0.1820217072963714,0.2003990262746811,0.13279590010643,0.2079642824828624,0.3170976042747497,0.1827387809753418,0.2020972520112991,0.1327873021364212,0.2086802348494529,0.316561222076416,0.1819443851709365,0.2004968672990799,0.1328412741422653,0.2079609371721744
64,0.3222036063671112,0.1779340803623199,0.1719373911619186,0.1248312965035438,0.1992265935987234,0.3281245231628418,0.1880878210067749,0.1927210986614227,0.1421975493431091,0.2127827480435371,0.3191092908382416,0.1773321032524109,0.1741805970668792,0.1254869699478149,0.1990272402763366,0.3220511972904205,0.1776562482118606,0.1714238375425338,0.1244532689452171,0.198896137997508,0.3220405280590057,0.1776608675718307,0.1714374274015426,0.124462179839611,0.1989002507179975,0.3227728307247162,0.1794549971818924,0.1767427027225494,0.1278484314680099,0.201704740524292,0.3220244348049164,0.1775612384080886,0.1713058352470398,0.1243544146418571,0.1988114807754755
65,0.3457804024219513,0.1955097019672393,0.2116107940673828,0.1595966815948486,0.2281243950128555,0.3691010177135467,0.2152750343084335,0.2487401962280273,0.1931840032339096,0.2565750628709793,0.3465988636016845,0.1961844861507415,0.2131620347499847,0.1609856039285659,0.2292327471077442,0.3459257483482361,0.1956992745399475,0.2119932770729065,0.1599281579256057,0.2283866144716739,0.3459998965263366,0.1957220286130905,0.2120533883571624,0.1599955856800079,0.2284427247941494,0.3501607477664947,0.199451059103012,0.2196214199066162,0.1652108579874038,0.2336110211908817,0.3475260138511657,0.1969863921403885,0.2145988494157791,0.162405639886856,0.2303792238235473
66,0.3173454999923706,0.1712245345115661,0.1731513142585754,0.1359793543815612,0.1994251757860183,0.3208062648773193,0.1783358454704284,0.1920408457517624,0.1583562642335891,0.2123848050832748,0.3173775672912597,0.1712975054979324,0.1733329743146896,0.1361236274242401,0.1995329186320305,0.3173286020755768,0.1711895018815994,0.1730057746171951,0.1357313245534896,0.1993138007819652,0.3173447549343109,0.1712420880794525,0.1732016950845718,0.1360970586538314,0.1994713991880417,0.3521333932876587,0.1979561597108841,0.2121235579252243,0.1491817831993103,0.2278487235307693,0.3173370957374573,0.1712107062339782,0.1731833517551422,0.135971799492836,0.1994257383048534
67,0.3266674876213074,0.1794569492340088,0.1895927637815475,0.1347791403532028,0.2076240852475166,0.3394400179386139,0.1930869817733764,0.2238314002752304,0.1655925512313842,0.2304877378046512,0.3265769481658935,0.1792811155319214,0.1893104016780853,0.1345306932926178,0.2074247896671295,0.3266580104827881,0.1794487535953521,0.1895596981048584,0.1347439289093017,0.2076025977730751,0.3266471922397613,0.1794343441724777,0.1895491927862167,0.134693831205368,0.2075811401009559,0.3283089101314544,0.1816922426223755,0.1966548711061477,0.1402296721935272,0.2117214240133762,0.327084481716156,0.179869920015335,0.1909132003784179,0.1358560770750045,0.2084309197962284
69,0.322895348072052,0.1777921766042709,0.2418864071369171,0.1502259075641632,0.2231999598443508,0.3373609483242035,0.1930712163448333,0.2848934233188629,0.1832034587860107,0.2496322616934776,0.3243997395038605,0.1794916838407516,0.2470366060733795,0.154077723622322,0.2262514382600784,0.3228759765625,0.1777822524309158,0.2418619990348816,0.1502066403627395,0.2231817170977592,0.3240939080715179,0.1791124790906906,0.245873749256134,0.1531285643577575,0.225552175194025,0.3232593834400177,0.1786894649267196,0.2436042726039886,0.1527438312768936,0.2245742380619049,0.323822557926178,0.1787313669919967,0.2448977828025818,0.1526280045509338,0.2250199280679226
71,0.3293520212173462,0.186997190117836,0.2208046466112136,0.1501905024051666,0.2218360900878906,0.3539945781230926,0.2189149409532547,0.2803881168365478,0.1987195611000061,0.2630042992532253,0.3294143974781036,0.1871581971645355,0.2211293280124664,0.1505572199821472,0.2220647856593132,0.3291791379451751,0.1867944449186325,0.2203485816717147,0.1498125195503235,0.2215336710214615,0.3292290866374969,0.1869809478521347,0.2207149267196655,0.1500796526670456,0.2217511534690857,0.3309072852134704,0.1899862289428711,0.2268345654010772,0.1552951037883758,0.2257557958364486,0.3288676738739013,0.1863798648118972,0.2195891737937927,0.1493285000324249,0.221041303128004
73,0.3154456615447998,0.1694813817739486,0.1850548386573791,0.1231506094336509,0.1982831228524446,0.3199380338191986,0.1771949976682663,0.2068730145692825,0.1391124576330185,0.2107796259224414,0.3152703940868377,0.1692696362733841,0.1843519210815429,0.1227267012000083,0.1979046631604433,0.3154180347919464,0.1695284992456436,0.1851270198822021,0.1232411488890647,0.1983286757022142,0.315451979637146,0.1696368008852005,0.1854349970817566,0.1233945190906524,0.1984795741736889,0.3148912191390991,0.1689678132534027,0.1838622987270355,0.1219444423913955,0.1974164433777332,0.3153245151042938,0.1693814992904663,0.1847749352455139,0.1229396536946296,0.1981051508337259
76,0.326254278421402,0.1911859959363937,0.208654448390007,0.1401085257530212,0.216550812125206,0.3385310769081116,0.2112641781568527,0.2448883801698684,0.1694167256355285,0.2410250902175903,0.3260059356689453,0.1907641738653183,0.2077554911375045,0.1393625140190124,0.2159720286726951,0.3260067105293274,0.1908783465623855,0.2079217880964279,0.1395381540060043,0.2160862497985363,0.3265354037284851,0.1915986537933349,0.2093987315893173,0.1406257897615432,0.2170396447181701,0.3273194432258606,0.194124162197113,0.2130763232707977,0.144355833530426,0.2197189405560493,0.3262757956981659,0.1912258863449096,0.2087402939796447,0.1399502158164978,0.2165480479598045
80,0.3227638602256775,0.1901217103004455,0.228309080004692,0.1651727706193924,0.2265918552875518,0.3439682424068451,0.2234191745519638,0.2898971438407898,0.2177431434392929,0.2687569260597229,0.3227402567863464,0.1900214105844497,0.2281108647584915,0.1651200801134109,0.2264981530606746,0.3228592574596405,0.19027940928936,0.2286450862884521,0.165466621518135,0.2268125936388969,0.3226789832115173,0.1899908930063247,0.2279814034700393,0.1649475991725921,0.2263997197151184,0.3242835700511932,0.1929517984390258,0.2344601154327392,0.1697113066911697,0.230351697653532,0.3228307068347931,0.1902104616165161,0.228350430727005,0.165257841348648,0.2266623601317405
81,0.316882848739624,0.1680042892694473,0.1717992126941681,0.1101740598678588,0.1917151026427745,0.3206693828105926,0.172853484749794,0.1910600960254669,0.1238197460770607,0.2021006774157285,0.3166646063327789,0.1677782833576202,0.1706511378288269,0.1094325184822082,0.1911316365003585,0.3168742656707763,0.168002039194107,0.1717550009489059,0.1101473569869995,0.1916946657001972,0.3167982697486877,0.1679098606109619,0.1716910749673843,0.1101034879684448,0.1916256733238697,0.3173788785934448,0.1688791811466217,0.1752551347017288,0.1121135056018829,0.1934066750109195,0.3165560662746429,0.1676431149244308,0.1698739677667617,0.1089226305484771,0.1907489448785781
83,0.3152672350406647,0.1753111481666565,0.1733715981245041,0.1123770326375961,0.1940817534923553,0.3219489157199859,0.1882150620222091,0.1978169083595276,0.1304385960102081,0.2096048705279827,0.3153222203254699,0.1754099428653717,0.1736128330230713,0.1125252470374107,0.1942175608128309,0.3152926862239837,0.1753825396299362,0.1734327375888824,0.1124049425125122,0.1941282264888286,0.3152405917644501,0.1752037107944488,0.1731808483600616,0.1122420579195022,0.1939668022096157,0.3143592476844787,0.1745259761810302,0.1732158362865448,0.1127254888415336,0.1937066372483968,0.31543830037117,0.1756319850683212,0.1740133762359619,0.1128201633691787,0.194475956261158
87,0.321335881948471,0.1711146086454391,0.187009572982788,0.1272769570350647,0.2016842551529407,0.3323414027690887,0.1802037358283996,0.2110163867473602,0.1498634368181228,0.2183562405407428,0.3211946785449981,0.1710099577903747,0.1865647137165069,0.1268730759620666,0.2014106065034866,0.3207823634147644,0.1707671284675598,0.1859131157398224,0.1262286007404327,0.2009228020906448,0.3208317756652832,0.1707610040903091,0.1858142614364624,0.1262293606996536,0.2009091004729271,0.3216254115104675,0.1718005388975143,0.1893931776285171,0.1293136924505233,0.2030332051217556,0.3214628398418426,0.1712909638881683,0.1873897463083267,0.1276314705610275,0.2019437551498413
88,0.3188093304634094,0.1712018996477127,0.1857682913541793,0.1434953808784485,0.2048187255859375,0.3236658573150635,0.1771863102912902,0.2010514885187149,0.1595624089241027,0.2153665162622928,0.3189909756183624,0.171460285782814,0.186705857515335,0.1445809006690979,0.2054345048964023,0.3187525570392608,0.1710973531007766,0.185518205165863,0.1433822810649871,0.2046875990927219,0.318853497505188,0.1712525784969329,0.1859571188688278,0.1437599658966064,0.2049557901918888,0.3169096112251282,0.1691564321517944,0.1789817214012146,0.1369067281484604,0.2004886232316494,0.3186164200305938,0.1710012704133987,0.1852548122406005,0.1430981308221817,0.2044926583766937
89,0.3361179232597351,0.1916208267211914,0.2097741067409515,0.1671180576086044,0.2261577285826206,0.3636457026004791,0.2200427502393722,0.2549241781234741,0.2162874191999435,0.2637250125408172,0.3366554379463196,0.1921555995941162,0.2106748819351196,0.1681513041257858,0.2269093059003353,0.3362229168415069,0.1917629241943359,0.2100678980350494,0.1674187034368515,0.2263681106269359,0.3364335596561432,0.1919533908367157,0.2103262841701507,0.1677940934896469,0.2266268320381641,0.337162971496582,0.1935084164142608,0.21294666826725,0.1706142425537109,0.2285580746829509,0.3384893536567688,0.1941376477479934,0.2138931900262832,0.1717240214347839,0.2295610532164573
93,0.313896894454956,0.1735577136278152,0.1762400418519973,0.1069959476590156,0.192672649398446,0.3221063911914825,0.188432365655899,0.2047828882932663,0.1256238669157028,0.2102363780140876,0.3139987885951996,0.173747718334198,0.1767295598983764,0.1072497963905334,0.1929314658045768,0.3139115869998932,0.1736331135034561,0.1764190346002578,0.107108898460865,0.192768158391118,0.3139065206050873,0.1735940426588058,0.1762495785951614,0.107005201280117,0.1926888357847929,0.314215213060379,0.1745859384536743,0.1791292577981948,0.1083741560578346,0.1940761413425207,0.3142206072807312,0.1741611361503601,0.1776093095541,0.1077137812972068,0.1934262085705995
94,0.3210048079490661,0.1812852025032043,0.1947212964296341,0.1440360248088836,0.210261832922697,0.3324272632598877,0.200822040438652,0.2303500920534134,0.174554169178009,0.2345383912324905,0.3210961520671844,0.1814556568861007,0.1950411647558212,0.1442771404981613,0.2104675285518169,0.321054071187973,0.1813770532608032,0.1948888301849365,0.1440755724906921,0.2103488817811012,0.3208893239498138,0.1811001151800155,0.1943494081497192,0.1437903493642807,0.2100322991609573,0.3234315514564514,0.185722216963768,0.2039961516857147,0.1527782082557678,0.2164820320904255,0.3208904862403869,0.1812054514884948,0.1945207566022873,0.1438667476177215,0.2101208604872226
96,0.3314883112907409,0.1750737279653549,0.219148188829422,0.1550605446100235,0.2201926931738853,0.347861111164093,0.1897124797105789,0.2571730315685272,0.1888540834188461,0.2459001764655113,0.3314379155635834,0.1750479489564895,0.2190161049365997,0.1549497097730636,0.220112919807434,0.3317411541938782,0.1752979159355163,0.2197668254375457,0.1556331217288971,0.2206097543239593,0.3312706649303436,0.1748680919408798,0.2186153829097747,0.1546194106340408,0.2198433876037597,0.3309353291988373,0.1751891821622848,0.2192960232496261,0.155012235045433,0.2201081924140453,0.3309394419193268,0.1745629608631134,0.2176125198602676,0.1537207812070846,0.2192089259624481
98,0.321757823228836,0.1748470216989517,0.2092598974704742,0.1421101093292236,0.2119937129318714,0.3293264806270599,0.1844502240419387,0.2370106279850006,0.1655338555574417,0.2290802970528602,0.321875661611557,0.174930140376091,0.2096677422523498,0.142500951886177,0.2122436240315437,0.3217016756534576,0.1747207641601562,0.2089647054672241,0.1418484449386596,0.2118088975548744,0.3216761350631714,0.1746813058853149,0.2087795287370681,0.1418187916278839,0.2117389403283596,0.3217323124408722,0.1752890944480896,0.211015298962593,0.1430671215057373,0.212775956839323,0.3216589689254761,0.1745924055576324,0.2085845470428466,0.1416170597076416,0.2116132453083992
